{
"width": 2509, "height": 1978,
"format": "jpg",
"type":"ptm",
"colorspace":"rgb",
"nplanes": 18,
"quality": 95,
"materials": [
{
 "scale": [2,2,2,2,2,2,2,2,2,2,2,2,1,1,1,2,2,2],
 "bias": [0,0,0,0.337255,0.337255,0.337255,0.317647,0.317647,0.317647,0.658824,0.658824,0.658824,0.619608,0.619608,0.619608,0.607843,0.607843,0.607843] }
]
}
