{
"width": 1000, "height": 1055,
"format": "jpg",
"type":"ptm",
"colorspace":"rgb",
"nplanes": 18,
"quality": 95,
"materials": [
{
 "scale": [2,2,2,2,2,2,1,1,1,2,2,2,2,2,2,2,2,2],
 "bias": [0.00392157,0.00392157,0.00392157,0.278431,0.278431,0.278431,0.45098,0.45098,0.45098,0.454902,0.454902,0.454902,0.282353,0.282353,0.282353,0.47451,0.47451,0.47451] }
]
}
